,City,Cloudiness,Country,Date,Humidity,Lat,Lng,Max Temp,Wind Speed
0,Victoria,75,BN,1562451888,94,5.28,115.24,77.0,1.45
1,Pontianak,4,ID,1562451889,75,-0.02,109.34,82.47,6.93
2,Sao Joao da Barra,0,BR,1562451891,56,-21.64,-41.05,68.0,13.87
3,Ginda,23,IN,1562451892,85,30.69,78.49,62.29,1.79
4,Saldanha,0,PT,1562451894,63,41.42,-6.55,68.23,11.27
5,Kaka,0,TM,1562451896,18,37.35,59.62,88.1,4.05
6,Tocopilla,5,CL,1562451897,86,-22.09,-70.2,59.21,13.49
7,Evensk,6,RU,1562451898,62,61.92,159.24,56.2,7.58
8,Punta Arenas,75,CL,1562451900,93,-53.16,-70.91,42.8,5.82
9,Bethel,1,US,1562451901,45,60.79,-161.76,84.2,5.82
10,Tuatapere,78,NZ,1562451903,73,-46.13,167.69,44.01,7.0
11,Rikitea,100,PF,1562451904,72,-23.12,-134.97,70.77,22.24
12,Busselton,42,AU,1562451906,90,-33.64,115.35,51.01,15.01
13,Tevaitoa,0,PF,1562451907,79,-16.78,-151.5,77.84,17.31
14,Khatanga,62,RU,1562451908,68,71.98,102.47,46.0,14.76
15,Ambulu,1,ID,1562451910,82,-8.35,113.61,74.94,11.25
16,Ushuaia,40,AR,1562451911,75,-54.81,-68.31,41.0,28.86
17,Bathsheba,100,BB,1562451912,75,13.22,-59.52,81.66,12.95
18,Emerald,93,AU,1562451914,87,-23.53,148.16,60.8,10.29
19,Nelson Bay,90,AU,1562451916,100,-32.72,152.14,53.01,5.82
20,Saint-Michel-des-Saints,56,CA,1562451917,5,46.68,-73.92,72.0,1.01
21,Yaan,54,NG,1562451918,86,7.38,8.57,76.51,4.92
22,Caravelas,100,BR,1562451920,79,-17.73,-39.27,74.04,19.73
23,Canmore,40,CA,1562451639,64,51.09,-115.35,68.0,6.93
24,Hasaki,75,JP,1562451923,100,35.73,140.83,68.0,20.8
25,Albany,90,US,1562451919,88,42.65,-73.75,77.0,4.5
26,Georgetown,75,GY,1562451926,83,6.8,-58.16,80.6,9.17
27,Ondjiva,0,AO,1562451927,20,-17.07,15.73,58.71,4.29
28,Grindavik,0,IS,1562451928,76,63.84,-22.43,55.4,5.82
29,Bluff,13,AU,1562451930,84,-23.58,149.07,59.43,17.11
30,Faanui,0,PF,1562451931,82,-16.48,-151.75,77.66,14.92
31,La Paz,40,MX,1562451933,12,24.15,-110.32,100.4,13.87
32,Aguimes,20,ES,1562451934,73,27.91,-15.45,72.0,21.92
33,Sault Sainte Marie,1,CA,1562451936,49,46.49,-84.36,73.4,9.17
34,Mataura,45,NZ,1562451937,73,-46.19,168.86,44.01,7.0
35,Monywa,100,MM,1562451938,77,22.12,95.13,79.68,15.46
36,Chulym,22,RU,1562451939,65,55.09,80.97,64.63,13.58
37,Kaitangata,0,NZ,1562451941,51,-46.28,169.85,50.0,5.01
38,Takab,0,IR,1562451942,28,36.4,47.11,57.84,2.19
39,Kapaa,40,US,1562451690,74,22.08,-159.32,84.2,4.7
40,Tuktoyaktuk,90,CA,1562451945,87,69.44,-133.03,42.8,24.16
41,Port Elizabeth,20,US,1562451947,83,39.31,-74.98,91.0,4.7
42,Vaini,100,IN,1562451948,86,15.34,74.49,77.86,10.71
43,Bredasdorp,100,ZA,1562451949,82,-34.53,20.04,62.6,13.87
44,Barrow,0,AR,1562451951,66,-38.31,-60.23,45.67,8.03
45,Ahipara,33,NZ,1562451952,55,-35.17,173.16,56.46,8.1
46,Hithadhoo,100,MV,1562451954,70,-0.6,73.08,84.07,10.0
47,Nikolskoye,40,RU,1562451955,81,59.7,30.79,54.0,4.47
48,Phuket,20,TH,1562451957,83,7.89,98.4,78.8,1.12
49,Saskylakh,100,RU,1562451958,97,71.97,114.09,42.36,5.73
50,Slavsk,100,RU,1562451959,96,55.05,21.68,55.75,7.18
51,Sancoale,99,IN,1562451961,80,15.37,73.9,82.48,26.82
52,Esperance,72,AU,1562451962,100,-33.86,121.89,46.4,9.17
53,Naila,7,DE,1562451964,50,50.33,11.71,73.0,6.46
54,Torbay,75,CA,1562451965,77,47.66,-52.73,68.0,8.05
55,Faya,0,SA,1562451967,82,18.39,42.45,71.6,2.21
56,Kapchorwa,60,UG,1562451968,90,1.4,34.45,66.34,7.49
57,Carnarvon,0,ZA,1562451969,52,-30.97,22.13,48.59,15.95
58,Murdochville,68,CA,1562451971,44,48.96,-65.49,72.64,16.93
59,Zelenokumsk,39,RU,1562451972,77,44.4,43.88,68.0,8.95
60,Roald,75,NO,1562451974,87,62.58,6.12,52.0,16.11
61,Kavaratti,100,IN,1562451975,78,10.57,72.64,84.25,20.22
62,Upernavik,59,GL,1562451977,70,72.79,-56.15,47.37,9.78
63,Kurilsk,95,RU,1562451978,92,45.23,147.88,49.44,5.57
64,Saint-Philippe,1,CA,1562451979,47,45.36,-73.48,84.99,13.87
65,Hof,20,DE,1562451981,55,50.32,11.92,73.0,6.46
66,Noumea,75,NC,1562451982,68,-22.28,166.46,71.6,16.11
67,Puerto Ayora,75,EC,1562451983,69,-0.74,-90.35,77.0,14.99
68,Tiksi,28,RU,1562451878,82,71.64,128.87,38.69,6.42
69,Castro,0,CL,1562451986,81,-42.48,-73.76,48.2,8.05
70,Lazaro Cardenas,75,MX,1562451988,77,28.39,-105.62,78.01,16.11
71,Dikson,0,RU,1562451990,90,73.51,80.55,34.51,15.19
72,Qaanaaq,67,GL,1562451992,55,77.48,-69.36,44.4,2.3
73,Egvekinot,79,RU,1562451995,78,66.32,-179.17,49.78,12.77
74,Yarada,90,IN,1562451998,83,17.65,83.27,82.4,11.41
75,Port Alfred,19,ZA,1562451999,67,-33.59,26.89,66.0,8.01
76,Divinopolis,100,BR,1562452002,51,-20.14,-44.88,58.13,5.64
77,Mar del Plata,2,AR,1562452004,64,-46.43,-67.52,46.86,9.19
78,Plettenberg Bay,100,ZA,1562452006,83,-34.05,23.37,58.85,13.2
79,Cape Town,90,ZA,1562451799,100,-33.93,18.42,60.01,6.93
80,Severo-Kurilsk,92,RU,1562452008,93,50.68,156.12,43.62,6.87
81,Kysyl-Syr,100,RU,1562452010,83,63.9,122.77,52.19,3.94
82,Hilo,40,US,1562452011,55,19.71,-155.08,86.0,12.75
83,Paamiut,87,GL,1562452012,83,61.99,-49.67,44.56,1.23
84,Clyde River,75,CA,1562452014,93,70.47,-68.59,37.4,19.46
85,Iqaluit,75,CA,1562452015,81,63.75,-68.52,46.4,13.87
86,Saint-Gaudens,90,FR,1562452017,78,43.11,0.72,78.01,6.93
87,Samarai,65,PG,1562452018,91,-10.62,150.67,74.85,6.29
88,Cabo San Lucas,75,MX,1562451893,24,22.89,-109.91,96.01,19.46
89,West Wendover,1,US,1562452021,14,40.74,-114.07,91.4,12.75
90,Itarema,76,BR,1562452022,80,-2.92,-39.92,76.8,8.08
91,Jinxiang,0,CN,1562452023,74,35.07,116.31,73.0,9.46
92,Sulangan,19,PH,1562452025,77,11.14,123.72,81.12,4.41
93,Hay River,90,CA,1562452026,100,60.82,-115.79,59.0,11.23
94,Hobart,84,AU,1562452028,93,-42.88,147.33,43.0,1.12
95,Pyaozerskiy,100,RU,1562452029,97,65.83,31.17,49.42,6.73
96,Coquimbo,0,CL,1562451991,76,-29.95,-71.34,61.0,10.29
97,Saint-Pierre,0,FR,1562452032,63,48.95,4.24,71.6,8.05
98,Tchollire,100,CM,1562452033,91,8.4,14.17,74.58,4.09
99,Cabedelo,0,BR,1562452034,83,-6.97,-34.84,77.0,4.7
100,Mana,0,NG,1562452036,42,13.03,5.27,90.94,6.8
101,Opuwo,0,NA,1562452037,23,-18.06,13.84,58.42,6.91
102,Morondava,0,MG,1562452038,81,-20.3,44.28,74.06,16.98
103,Dobson,15,NZ,1562451831,76,-42.45,171.31,45.75,8.59
104,Isangel,75,VU,1562452041,74,-19.55,169.27,78.8,3.36
105,Lebu,75,ET,1562452042,87,8.96,38.73,57.2,1.16
106,Weihai,100,CN,1562452044,78,37.5,122.11,71.77,9.44
107,Katobu,12,ID,1562452045,93,-4.94,122.53,68.28,2.89
108,Leningradskiy,26,RU,1562452047,60,69.38,178.42,55.03,9.6
109,Nanortalik,100,GL,1562452048,71,60.14,-45.24,44.18,5.84
110,Katsuura,75,JP,1562452049,78,33.93,134.5,75.2,9.17
111,Mackay,90,CA,1562452051,82,53.65,-115.58,59.0,5.82
112,New Norfolk,84,AU,1562452052,93,-42.78,147.06,43.0,1.12
113,Tres Arroyos,0,AR,1562452055,66,-38.38,-60.28,45.67,8.03
114,Tomatlan,57,MX,1562452057,59,19.93,-105.25,88.6,17.94
115,Solok,2,ID,1562452058,95,-0.79,100.66,66.95,3.36
116,Bad Langensalza,40,DE,1562451917,77,51.11,10.65,68.0,6.93
117,Wanning,75,AT,1562452061,56,48.64,13.53,73.4,8.05
118,Mnogovershinnyy,100,RU,1562452062,95,53.94,139.92,58.45,6.44
119,Avera,1,US,1562452064,52,33.19,-82.53,93.0,5.82
120,Hovd,75,NO,1562452065,81,63.83,10.7,51.01,12.75
121,Saint Anthony,1,US,1562452067,17,43.97,-111.68,86.0,8.05
122,Chala,41,TZ,1562452068,54,-7.6,31.27,65.28,3.87
123,Guerrero Negro,0,MX,1562452069,85,27.97,-114.04,65.04,13.49
124,Narsaq,66,GL,1562452070,54,60.91,-46.05,59.0,9.17
125,Yellowknife,75,CA,1562451902,72,62.45,-114.38,62.6,10.29
126,Provideniya,76,RU,1562452073,41,64.42,-173.23,64.86,4.07
127,Hargeysa,60,SO,1562451864,60,9.56,44.06,72.44,25.57
128,Fernley,1,US,1562452076,8,39.61,-119.25,91.99,20.8
129,Kasongo,92,CD,1562452078,38,-4.43,26.67,80.79,4.38
130,Rengo,75,CL,1562452079,87,-34.41,-70.86,51.8,2.24
131,Morristown,1,US,1562452080,66,36.21,-83.29,91.4,1.28
132,Yarmouth,90,CA,1562451879,100,43.84,-66.12,64.0,21.92
133,Tasiilaq,5,GL,1562452083,93,65.61,-37.64,37.4,9.17
134,Lakselv,100,NO,1562452085,93,70.05,24.96,51.8,21.92
135,Usinsk,36,RU,1562452086,67,66.0,57.56,53.54,13.09
136,Namatanai,77,PG,1562452088,83,-3.66,152.44,78.65,12.77
137,Hanyang,100,CN,1562452089,82,32.14,105.51,67.53,4.65
138,Satinka,0,RU,1562452090,91,52.38,41.68,50.26,8.63
139,Sistranda,75,NO,1562452091,87,63.73,8.83,51.01,11.41
140,Handa,75,JP,1562452093,88,34.89,136.94,78.01,5.82
141,Talnakh,0,RU,1562452094,76,69.49,88.39,50.0,17.9
142,Norman Wells,75,CA,1562452096,67,65.28,-126.83,59.0,16.11
143,Methven,33,NZ,1562451949,32,-43.63,171.65,42.01,1.01
144,Moose Factory,20,CA,1562452099,63,51.26,-80.61,64.4,10.29
145,Thompson,75,CA,1562451984,29,55.74,-97.86,78.8,13.87
146,Havre-Saint-Pierre,90,CA,1562452102,93,50.23,-63.6,62.6,12.75
147,Dalbandin,0,PK,1562452104,9,28.9,64.41,84.34,7.96
148,Barentu,85,ER,1562452105,65,15.11,37.59,74.73,18.39
149,Vila Velha,20,BR,1562452107,69,-3.71,-38.6,86.0,8.05
150,Geraldton,40,CA,1562452108,33,49.72,-86.95,71.6,5.82
151,Dawei,90,MM,1562452109,72,14.07,98.19,82.86,6.35
152,Bambous Virieux,75,MU,1562452111,78,-20.34,57.76,73.4,11.41
153,Batemans Bay,0,AU,1562452112,99,-35.71,150.18,44.01,3.27
154,Bowen,90,AU,1562452116,100,-20.01,148.25,69.01,14.99
155,Kutum,100,SD,1562452117,20,14.2,24.66,88.17,2.82
156,Arraial do Cabo,20,BR,1562452118,52,-22.97,-42.02,66.2,27.51
157,Port Lincoln,0,AU,1562452120,72,-34.72,135.86,58.08,17.98
158,Tecoanapa,75,MX,1562452121,79,16.99,-99.26,86.0,11.41
159,Valparaiso,1,US,1562452010,43,41.47,-87.06,81.0,8.05
160,Tessalit,90,ML,1562452124,26,20.2,1.01,92.44,15.3
161,Asasa,100,ET,1562452125,93,7.1,39.2,52.35,4.43
162,Te Anau,2,NZ,1562452127,74,-45.41,167.72,42.99,11.52
163,Enid,1,US,1562452128,46,36.4,-97.88,95.0,5.82
164,Bagnols-sur-Ceze,0,FR,1562452129,83,44.16,4.62,77.0,4.7
165,Atascadero,75,US,1562452131,82,35.49,-120.67,96.01,9.17
166,Kavieng,96,PG,1562452132,81,-2.57,150.8,79.06,10.16
167,Lima,75,PE,1562452134,88,-12.06,-77.04,62.6,10.29
168,Hosdurga,100,IN,1562452135,79,13.8,76.29,72.28,18.75
169,Tabou,83,CI,1562452137,86,4.42,-7.36,73.75,5.57
170,Shingu,100,JP,1562452138,98,33.72,135.99,63.66,4.12
171,Humboldt,94,CA,1562452139,67,52.21,-105.12,70.77,8.28
172,Sao Filipe,33,CV,1562452140,84,14.9,-24.5,73.5,22.57
173,Kolondieba,94,ML,1562452142,72,11.09,-6.89,79.44,5.21
174,Damaturu,26,NG,1562452144,40,11.75,11.96,90.31,6.67
175,Ilulissat,20,GL,1562452145,54,69.22,-51.1,53.6,8.05
176,Puerto Baquerizo Moreno,40,EC,1562452147,73,-0.9,-89.6,77.0,14.99
177,Nome,1,US,1562452148,59,30.04,-94.42,97.0,6.93
178,Atuona,0,PF,1562452149,79,-9.8,-139.03,80.79,17.94
179,Outram,75,MY,1562452150,83,1.28,103.84,84.2,2.24
180,Yulara,26,AU,1562452152,75,-25.24,130.99,46.4,8.05
181,Longyearbyen,0,NO,1562452153,71,78.22,15.63,51.8,2.24
182,Mirnyy,100,RU,1562452155,97,56.57,36.46,47.69,6.11
183,Bilma,64,NE,1562452156,10,18.69,12.92,99.39,5.88
184,Avarua,35,CK,1562452148,61,-21.21,-159.78,77.0,14.99
185,Omboue,0,GA,1562452161,90,-1.57,9.26,72.78,13.78
186,Lasa,20,CY,1562452163,88,34.92,32.53,78.8,5.82
187,Ostrowiec Swietokrzyski,99,PL,1562452165,73,50.93,21.39,69.01,4.43
188,Taksimo,1,RU,1562452166,68,56.36,114.84,58.42,1.61
189,Svobodnyy,98,RU,1562452168,75,53.85,40.53,54.0,1.99
190,Deputatskiy,70,RU,1562452169,73,69.3,139.9,52.35,5.17
191,Atocha,75,AR,1562452170,66,-24.82,-65.48,50.0,5.82
192,Damghan,0,IR,1562452172,47,36.17,54.34,65.58,2.17
193,Labuhan,0,ID,1562452173,95,-2.54,115.51,70.8,1.16
194,Bharthana,100,IN,1562452174,72,26.75,79.22,84.99,9.95
195,Kholmsk,90,RU,1562452176,93,47.05,142.05,51.8,6.71
196,Taybad,0,IR,1562452177,23,34.74,60.78,75.68,17.38
197,Touros,20,BR,1562452179,83,-5.2,-35.46,77.0,6.93
198,Vilhena,0,BR,1562452180,64,-12.74,-60.15,68.0,10.29
199,Saint-Joseph,0,FR,1562452181,83,43.56,6.97,78.8,3.36
200,Mount Isa,3,AU,1562452183,93,-20.73,139.49,59.0,3.36
201,Beyneu,100,KZ,1562452184,15,45.32,55.19,84.68,15.59
202,Lagoa,0,PT,1562452185,64,37.14,-8.45,71.6,11.41
203,Ilebo,0,CD,1562452187,34,-4.33,20.59,74.4,1.52
204,Fort Nelson,75,CA,1562452188,36,58.81,-122.69,77.0,6.93
205,Jamestown,85,AU,1562452189,94,-33.21,138.6,51.99,3.02
206,Pevek,0,RU,1562452191,75,69.7,170.27,47.01,25.48
207,Gela,0,IT,1562452192,56,37.07,14.25,77.0,3.36
208,Hammerfest,0,NO,1562452194,93,70.66,23.68,50.0,17.22
209,East London,57,ZA,1562452195,26,-33.02,27.91,65.92,13.09
210,Kawalu,46,ID,1562452197,95,-7.38,108.21,66.48,2.51
211,Chatrapur,100,IN,1562452198,96,19.35,84.98,74.69,2.91
212,Severo-Yeniseyskiy,53,RU,1562452199,96,60.37,93.04,56.53,6.29
213,Kabo,100,CF,1562452200,91,7.69,18.62,74.22,2.62
214,Poum,0,MK,1562452202,75,41.28,20.71,59.57,2.39
215,San Francisco,40,CO,1562451924,36,1.17,-76.88,75.2,16.11
216,Yumen,100,CN,1562452205,51,40.29,97.04,62.61,2.8
217,Kichera,2,RU,1562452206,37,55.93,110.1,67.28,7.94
218,Thanh Hoa,20,VN,1562452208,100,10.21,106.33,77.0,3.36
219,Kameoka,75,JP,1562452209,73,35.01,135.51,75.99,8.05
220,Svetlogorsk,40,RU,1562452210,66,53.14,59.15,53.6,2.62
221,Loa Janan,19,ID,1562452212,90,-0.58,117.09,77.34,2.95
222,Beaufort,75,MY,1562452214,94,5.36,115.76,77.0,1.12
223,Juba,71,EE,1562451920,93,57.82,26.93,53.6,9.17
224,Constitucion,75,MX,1562452217,11,23.99,-104.67,84.99,9.17
225,Ust-Kuyga,89,RU,1562452218,49,70.0,135.55,64.76,6.6
226,Yerkoy,6,TR,1562452220,48,39.64,34.47,62.06,5.79
227,Turukhansk,98,RU,1562452221,94,65.8,87.96,61.52,5.14
228,Aklavik,75,CA,1562452223,66,68.22,-135.01,55.4,14.99
229,Cidreira,74,BR,1562452224,68,-30.17,-50.22,47.71,9.82
230,Acapulco,75,MX,1562451930,79,16.86,-99.88,86.0,11.41
231,Jumla,57,NP,1562452227,90,29.28,82.18,51.71,2.66
232,Port Blair,99,IN,1562452228,82,11.67,92.75,83.46,19.89
233,Hualmay,78,PE,1562452229,87,-11.1,-77.61,63.08,10.31
234,Dubbo,27,AU,1562452231,81,-32.25,148.6,51.8,11.41
235,Butaritari,85,KI,1562452232,65,3.07,172.79,84.84,2.82
236,Yar-Sale,93,RU,1562452234,57,66.83,70.83,50.55,21.52
237,Mehamn,3,NO,1562452235,88,71.03,27.85,43.86,15.32
238,Moron,99,HT,1562452237,74,18.56,-74.26,81.98,2.37
239,Mahebourg,75,MU,1562452238,78,-20.41,57.7,73.4,11.41
240,Phalombe,0,MW,1562452239,79,-15.81,35.65,54.15,1.63
241,Albina,40,GF,1562452241,95,5.5,-54.06,74.01,3.69
242,Wukari,78,NG,1562452242,89,7.87,9.78,75.34,3.62
243,Aripuana,12,BR,1562452245,66,-9.17,-60.63,74.64,2.73
244,Fukue,75,JP,1562452246,88,35.03,136.69,78.01,5.82
245,Makakilo City,1,US,1562452248,58,21.35,-158.09,89.6,10.29
246,Oga,0,IT,1562452249,100,46.46,10.35,66.0,3.36
247,Belmopan,75,BZ,1562452179,52,17.25,-88.77,93.2,4.7
248,Tairua,0,NZ,1562452251,75,-37.02,175.85,52.0,3.04
249,Sharjah,0,AE,1562452253,75,25.36,55.39,93.2,6.93
250,Northam,8,AU,1562452254,100,-31.65,116.67,48.2,1.12
251,Brownsville,1,US,1562452037,63,25.91,-97.49,93.2,13.87
252,Launceston,90,AU,1562452257,100,-41.43,147.14,37.99,6.93
253,Bubaque,100,GW,1562452258,81,11.28,-15.83,80.31,12.48
254,Gorontalo,12,ID,1562452064,90,0.54,123.06,72.6,7.25
255,Basiad,43,PH,1562452261,79,14.16,122.34,81.69,3.58
256,Dali,0,CN,1562452262,22,34.79,109.94,77.48,7.58
257,Yuxia,0,CN,1562452264,82,34.06,108.63,60.8,4.47
258,Dongli,0,CN,1562452265,88,24.18,117.61,82.4,6.71
259,San Severino Marche,0,IT,1562452267,54,43.23,13.18,82.99,5.82
260,Alofi,74,NU,1562452268,69,-19.06,-169.92,78.8,11.41
261,Yarega,100,RU,1562452269,91,63.43,53.58,55.7,1.95
262,Vieste,5,IT,1562452271,78,41.88,16.18,84.0,4.7
263,Sosnovo-Ozerskoye,48,RU,1562452272,49,52.53,111.54,67.8,4.79
264,Olinda,25,AU,1562452273,66,-37.84,145.39,57.0,8.05
265,Ponta do Sol,28,BR,1562452275,69,-20.63,-46.0,47.12,2.66
266,Bodden Town,20,KY,1562452276,70,19.28,-81.25,89.6,12.75
267,Ribeira Grande,40,PT,1562452278,88,38.52,-28.7,71.6,6.93
268,Tornio,0,FI,1562452279,93,61.12,27.27,55.4,2.24
269,Namibe,60,AO,1562452280,88,-15.19,12.15,68.81,4.32
270,Whitehorse,75,CA,1562452282,29,60.72,-135.06,79.0,10.29
271,Kiruna,100,SE,1562452283,100,67.86,20.23,46.4,6.93
272,Ayacucho,20,PE,1562452285,28,-13.16,-74.23,68.0,6.93
273,Chuy,54,UY,1562452286,72,-33.69,-53.46,44.13,9.93
274,Marrakesh,40,MA,1562452288,50,31.63,-7.99,75.2,5.82
275,Tual,10,ID,1562452289,83,-5.67,132.75,77.79,21.16
276,Tautira,20,PF,1562452290,66,-17.73,-149.15,84.2,6.93
277,Hanmer Springs,0,NZ,1562452292,70,-42.52,172.83,38.04,8.32
278,Pakxe,100,LA,1562452294,88,15.12,105.78,76.38,3.51
279,Henties Bay,0,NA,1562452295,95,-22.12,14.28,51.01,1.99
280,Beringovskiy,22,RU,1562452297,66,63.05,179.32,57.59,6.55
281,Vanimo,97,PG,1562452298,73,-2.67,141.3,81.05,5.03
282,Jalu,0,LY,1562452299,55,29.03,21.55,79.5,11.99
283,Ziarat,0,PK,1562452301,68,30.38,67.73,64.34,3.58
284,Carroll,0,AU,1562452302,87,-30.99,150.44,50.0,6.93
285,Arlit,0,NE,1562452304,9,18.74,7.39,96.72,8.59
286,Viedma,0,AR,1562452305,64,-40.81,-62.99,46.11,6.89
287,Kodiak,40,US,1562452307,30,39.95,-94.76,87.01,6.93
288,Eureka,1,US,1562452308,68,40.8,-124.16,64.4,17.22
289,Vao,77,EE,1562452309,95,59.1,26.19,51.29,6.85
290,Sitka,63,US,1562452310,62,37.17,-99.65,82.99,1.01
291,Brae,100,GB,1562452312,81,60.4,-1.35,48.2,9.17
292,Gusau,72,NG,1562452313,61,12.17,6.66,81.41,13.71
293,Yenagoa,100,NG,1562452315,94,4.92,6.26,74.82,6.33
294,Talcahuano,90,CL,1562452316,82,-36.72,-73.12,55.4,16.11
295,Impfondo,46,CD,1562452318,95,1.62,18.06,71.76,2.42
296,Luena,0,AO,1562452319,46,-11.78,19.91,50.41,2.75
297,Murray,1,US,1562452208,22,40.67,-111.89,93.0,3.04
298,Manokwari,46,ID,1562452322,67,-0.87,134.08,77.99,4.03
299,Epernay,0,FR,1562452323,73,45.45,5.88,75.99,10.29
300,Boden,82,SE,1562452325,87,65.83,21.69,51.8,2.24
301,Airai,67,TL,1562452326,56,-8.93,125.41,72.24,3.11
302,Iralaya,75,HN,1562452328,79,15.0,-83.23,84.2,11.41
303,Rio Grande,75,BR,1562452155,70,-32.03,-52.1,46.4,6.31
304,Kapit,12,MY,1562452330,87,2.02,112.94,76.89,0.58
305,Hermanus,73,ZA,1562452331,98,-34.42,19.24,59.0,15.01
306,Tiznit,72,MA,1562452333,90,29.7,-9.73,66.77,9.91
307,Rio Gallegos,0,AR,1562452181,78,-51.62,-69.22,39.2,8.05
308,Alyangula,64,AU,1562452336,100,-13.85,136.42,57.2,12.62
309,Inhambane,0,MZ,1562452337,83,-23.87,35.38,59.46,6.78
310,The Valley,20,AI,1562452338,65,18.22,-63.06,86.0,10.29
311,Anamur,0,TR,1562452172,73,36.08,32.84,73.4,5.82
312,Marevo,0,BA,1562452341,72,43.57,18.7,68.0,2.24
313,Broken Hill,14,AU,1562452342,82,-31.97,141.45,57.2,10.29
314,Bali,0,CN,1562452344,95,32.29,119.4,78.01,1.01
315,Castenaso,0,IT,1562452346,44,44.51,11.47,82.0,5.82
316,Komsomolskiy,0,RU,1562452347,59,67.55,63.78,49.4,18.25
317,Halden,96,SE,1562452168,87,59.12,11.39,53.6,8.05
318,Gornopravdinsk,99,RU,1562452350,80,60.06,69.92,55.85,3.18
319,Lata,77,IN,1562452351,83,30.78,78.62,43.57,1.57
320,Ode,100,NG,1562452352,97,8.45,4.32,71.97,5.41
321,Mareeba,15,AU,1562452354,78,-16.99,145.42,71.6,11.41
322,Chokurdakh,100,RU,1562452356,89,70.62,147.9,43.57,12.48
323,General Pico,0,AR,1562452357,66,-35.66,-63.75,45.98,7.4
324,Lorengau,99,PG,1562452359,84,-2.02,147.27,78.96,5.59
325,Purpe,21,RU,1562452360,94,64.48,76.69,57.0,16.26
326,Colares,20,PT,1562452361,82,38.8,-9.45,66.99,4.7
327,Port Hardy,75,CA,1562452363,72,50.7,-127.42,64.4,10.29
328,Mayor Pablo Lagerenza,15,PY,1562452364,44,-19.93,-60.77,52.19,3.71
329,Nantucket,90,US,1562452366,100,41.28,-70.1,78.8,6.93
330,Pangnirtung,100,CA,1562452367,89,66.15,-65.72,43.08,2.01
331,Kwakoa,78,TZ,1562452368,92,-3.77,37.72,64.65,6.4
332,Siilinjarvi,0,FI,1562452369,93,63.08,27.67,55.4,3.36
333,Vila Franca do Campo,40,PT,1562452371,82,37.72,-25.43,68.0,6.93
334,Biograd na Moru,0,HR,1562452372,83,43.94,15.45,78.01,2.24
335,Lejamani,75,HN,1562452374,58,14.37,-87.71,82.4,12.75
336,Phetchabun,100,TH,1562452375,97,16.42,101.16,67.62,4.88
337,Saint George,0,GR,1562452377,60,39.45,22.34,82.0,0.74
338,Flin Flon,40,CA,1562452378,35,54.77,-101.88,73.4,3.36
339,Sobolevo,17,RU,1562452379,95,54.43,31.9,47.44,7.78
340,Pochutla,20,MX,1562452381,52,15.74,-96.47,91.4,1.43
341,Ostrovnoy,63,RU,1562452382,89,68.05,39.51,42.27,13.18
342,Anadyr,20,RU,1562452383,76,64.73,177.51,53.6,15.66
343,Srednekolymsk,0,RU,1562452385,32,67.46,153.71,74.66,10.27
344,Taltal,100,CL,1562452387,95,-25.41,-70.49,50.32,1.99
345,Mahon,75,IE,1562452388,87,51.89,-8.4,63.0,9.17
346,Kyrylivka,0,UA,1562452389,74,47.65,37.3,55.83,3.0
347,Skierniewice,20,PL,1562452391,72,51.96,20.14,64.0,1.12
348,Arman,100,RU,1562452325,97,59.7,150.17,46.07,3.22
349,Kontagora,43,NG,1562452394,75,10.4,5.47,78.81,5.03
350,Starosubkhangulovo,59,RU,1562452395,95,53.1,57.43,47.26,4.43
351,Khani,75,GE,1562452397,100,41.96,42.96,69.8,2.24
352,Yoichi,20,JP,1562452398,77,43.19,140.77,66.2,12.75
353,Nova Prata,0,BR,1562452399,70,-28.78,-51.61,37.0,1.77
354,Klaksvik,100,FO,1562452400,81,62.23,-6.59,46.4,21.92
355,Mugla,0,BG,1562452402,56,41.62,24.49,71.6,6.93
356,Codrington,75,AU,1562452404,93,-28.95,153.24,57.2,2.37
357,Sisimiut,58,GL,1562452405,78,66.94,-53.67,42.71,11.23
358,Nabire,49,ID,1562452407,82,-3.36,135.5,73.94,4.27
359,Qaqortoq,81,GL,1562452408,54,60.72,-46.03,59.0,9.17
360,Kiri Buru,100,IN,1562452409,95,22.08,85.35,74.85,6.04
361,Lavrentiya,51,RU,1562452410,28,65.58,-170.99,73.68,5.19
362,Hun,65,BE,1562452412,87,50.34,4.87,61.0,6.93
363,Muscat,0,OM,1562452413,63,23.6,58.55,93.2,2.24
364,Husavik,27,CA,1562452415,32,50.56,-96.99,75.99,1.68
365,Maragogi,23,BR,1562452416,95,-9.01,-35.22,70.84,3.2
366,Miranda,23,BR,1562452418,52,-20.24,-56.38,47.04,5.44
367,Biak,70,ID,1562452419,87,-0.91,122.88,62.27,5.5
368,Dwarka,40,IN,1562452420,74,28.58,77.04,91.0,5.82
369,Bekhtery,0,UA,1562452422,56,46.25,32.3,72.46,6.15
370,Anchorage,20,US,1562452225,47,61.22,-149.89,82.4,9.17
371,Martapura,3,ID,1562452424,83,-3.41,114.85,78.02,7.07
372,Camacha,40,PT,1562452296,77,33.08,-16.33,69.8,11.41
373,Marawi,16,PH,1562452427,94,8.0,124.29,75.0,5.01
374,Goalpara,100,IN,1562452428,97,26.18,90.62,76.28,6.64
375,Honiara,75,SB,1562452430,78,-9.43,159.96,80.6,5.82
376,Tromso,40,NO,1562452401,87,69.65,18.96,48.2,16.11
377,Pamyat Parizhskoy Kommuny,40,RU,1562452432,93,56.1,44.5,55.4,4.47
378,Orlik,75,PL,1562452434,93,53.95,17.74,57.2,9.17
379,Sorland,100,NO,1562452435,94,67.67,12.69,49.1,7.11
380,Atar,0,MR,1562452437,31,20.52,-13.05,90.42,17.81
381,Aviles,40,ES,1562452438,88,43.55,-5.92,64.99,1.12
382,Batagay-Alyta,98,RU,1562452439,73,67.8,130.41,50.5,3.04
383,Dingle,40,PH,1562452440,81,11.0,122.67,80.94,6.82
384,Manono,0,CD,1562452442,47,-7.3,27.4,66.59,1.25
385,Muborak,0,UZ,1562452444,20,39.25,65.15,83.8,12.86
386,Ust-Ishim,100,RU,1562452446,97,57.69,71.17,54.21,8.43
387,Vardo,40,US,1562452447,83,39.62,-77.74,91.4,8.05
388,Manggar,86,ID,1562452449,90,-2.88,108.27,78.31,4.72
389,Beloha,3,MG,1562452450,96,-25.17,45.06,62.54,1.48
390,Ola,100,RU,1562452451,94,59.58,151.3,46.7,7.94
391,Haines Junction,79,CA,1562452453,25,60.75,-137.51,75.25,9.37
392,Marsa Matruh,0,EG,1562452454,88,31.35,27.25,78.8,9.17
393,Luderitz,0,NA,1562452458,82,-26.65,15.16,55.4,6.93
394,Raudeberg,47,NO,1562452464,71,61.99,5.14,53.6,16.11
395,Eregli,0,TR,1562452466,43,37.51,34.05,68.41,7.09
396,Ngunguru,0,NZ,1562452468,93,-35.62,174.5,50.0,7.31
397,Fayetteville,1,US,1562452180,62,36.06,-94.16,91.99,8.9
398,Golfito,100,CR,1562452470,89,8.64,-83.17,77.57,3.53
399,Andros Town,40,BS,1562452472,66,24.73,-77.79,87.8,13.87
400,Naze,98,NG,1562452473,94,5.43,7.07,74.62,7.11
401,Urengoy,98,RU,1562452475,59,65.96,78.37,59.05,12.93
402,Souillac,0,FR,1562452476,77,45.6,-0.6,71.6,6.93
403,Los Llanos de Aridane,6,ES,1562452478,73,28.66,-17.92,71.6,13.87
404,Ulaangom,0,MN,1562452479,48,49.98,92.07,65.04,4.74
405,Bastia,40,IT,1562452480,74,44.6,8.98,80.6,13.87
406,Acopiara,46,BR,1562452482,75,-6.09,-39.45,71.58,2.8
407,Saint-Augustin,20,CA,1562452483,42,45.63,-73.98,84.99,11.41
408,Alice Springs,0,AU,1562452262,52,-23.7,133.88,42.8,5.82
409,Malangali,20,TZ,1562452487,73,-8.57,34.85,60.89,5.06
410,Bagdarin,11,RU,1562452488,49,54.44,113.59,66.54,3.09
411,Conceicao do Mato Dentro,0,BR,1562452490,54,-19.04,-43.42,56.03,3.8
412,Worcester,90,GB,1562452398,88,52.19,-2.22,63.0,6.62
413,Pajapan,75,MX,1562452493,70,18.26,-94.69,86.0,23.04
414,Salalah,90,OM,1562452495,88,17.01,54.1,82.4,4.7
415,Wajir,88,KE,1562452496,68,1.75,40.07,75.66,14.41
416,Yerbogachen,95,RU,1562452497,80,61.28,108.01,66.27,5.68
417,Pacific Grove,1,US,1562452346,59,36.62,-121.92,89.01,9.17
418,Pullman,1,US,1562452500,31,46.73,-117.17,79.0,9.17
419,Zyryanka,98,RU,1562452501,39,65.73,150.89,67.19,16.06
420,Sonamukhi,100,IN,1562452503,54,23.3,87.41,82.99,9.37
421,Milkovo,7,BG,1562452504,56,41.53,24.68,80.01,6.93
422,Hofn,1,IS,1562452506,62,64.25,-15.21,39.2,9.78
423,Akdepe,0,TM,1562452507,42,42.05,59.39,80.6,6.93
424,Rafaela,0,AR,1562452487,57,-31.25,-61.49,48.0,1.99
425,Fasa,0,IR,1562452510,22,28.94,53.65,77.0,3.27
426,Pychas,75,RU,1562452511,83,56.5,52.44,55.0,9.91
427,Sangmelima,99,CM,1562452513,99,2.93,11.98,67.46,3.51
428,Kama,75,JP,1562452514,83,33.54,130.74,75.0,2.24
429,Yerofey Pavlovich,39,RU,1562452507,42,53.97,121.97,71.25,5.64
430,Westport,1,US,1562452252,74,41.14,-73.36,84.0,10.29
431,Chernyshevskiy,100,RU,1562452518,77,63.01,112.47,66.57,5.55
432,Dunda,63,IN,1562452519,73,30.62,78.32,70.39,2.08
433,San Patricio,0,PY,1562452521,73,-26.98,-56.83,39.34,3.51
434,Lazne Bohdanec,0,CZ,1562452522,45,50.08,15.68,68.0,3.36
435,Itoman,75,JP,1562452524,94,26.12,127.67,78.8,4.7
436,Umm Lajj,0,SA,1562452525,67,25.02,37.27,84.14,11.59
437,Beira,0,ES,1562452527,82,43.2,-8.36,66.99,8.41
438,Prince Rupert,90,CA,1562452257,87,54.32,-130.32,59.0,8.05
439,Mildura,90,AU,1562452530,67,-34.18,142.16,60.8,11.41
440,Havelock,1,US,1562452462,66,34.88,-76.9,87.8,16.11
441,Copiapo,75,CL,1562452534,71,-27.37,-70.33,57.2,6.93
442,Victoria Point,20,AU,1562452371,93,-27.58,153.3,63.0,8.05
443,Pisco,0,PE,1562452536,30,-13.71,-76.2,71.6,5.82
444,Coromandel,5,BR,1562452538,52,-18.47,-47.2,52.14,6.91
445,Kampong Chhnang,49,KH,1562452539,75,12.25,104.67,81.3,3.36
446,Koslan,67,RU,1562452540,97,63.46,48.9,51.02,2.86
447,Guasdualito,20,VE,1562452542,74,7.24,-70.73,84.2,3.36
448,Lalmohan,100,BD,1562452544,85,22.34,90.74,81.33,9.8
449,Arica,90,CL,1562452545,77,-18.48,-70.32,60.8,9.17
450,Graciano Sanchez,40,MX,1562452547,41,23.92,-99.28,93.2,11.41
451,Jieshi,100,CN,1562452548,88,22.82,115.83,84.0,1.01
452,Baghdad,0,IQ,1562452549,23,33.3,44.38,87.8,6.93
453,Pombas,0,BR,1562452550,33,-15.9,-54.74,59.79,6.85
454,Ina,66,JP,1562452552,86,35.83,137.95,71.01,2.44
455,Rome,0,IT,1562452513,56,41.89,12.48,78.01,4.7
456,Bonthe,99,SL,1562452555,86,7.53,-12.5,76.44,12.84
457,Sibolga,26,ID,1562452428,79,1.74,98.78,80.49,5.44
458,Xichang,100,CN,1562452557,92,27.88,102.25,52.95,2.44
459,Spas-Demensk,2,RU,1562452559,97,54.41,34.03,47.69,7.25
460,Horta,20,BR,1562452560,78,-10.93,-37.66,78.8,8.05
461,Emborion,0,GR,1562452561,43,40.48,21.55,75.0,6.93
462,Sabha,0,LY,1562452564,15,27.03,14.43,82.23,6.91
463,Belawan,4,ID,1562452565,96,-0.59,114.46,73.4,0.27
464,Portland,90,US,1562452548,94,43.66,-70.25,75.2,3.36
465,Tazovskiy,16,RU,1562452325,65,67.47,78.7,46.72,15.9
466,Kahului,40,US,1562452569,55,20.89,-156.47,87.8,16.11
467,Ustyuzhna,75,RU,1562452570,93,58.84,36.43,45.44,1.95
468,Huandacareo,75,MX,1562452572,42,19.99,-101.28,80.6,5.82
469,Fairbanks,20,US,1562452573,34,64.84,-147.72,82.99,4.7
470,Sinegorye,100,RU,1562452575,66,62.09,150.53,56.22,1.07
471,Mrakovo,0,BA,1562452576,72,43.97,18.28,68.0,2.24
472,Rawson,7,AR,1562452577,62,-43.3,-65.11,47.21,8.5
473,Puerto Carreno,20,CO,1562452579,62,6.19,-67.49,87.8,2.57
474,Kruisfontein,99,ZA,1562452580,91,-34.0,24.73,56.69,29.01
475,Matagami,70,NG,1562452582,94,9.67,8.4,70.39,2.06
476,Yakima,1,US,1562452333,24,46.6,-120.51,84.99,5.82
477,Torbat-e Jam,0,IR,1562452585,26,35.24,60.63,70.98,9.55
478,Sur,13,OM,1562452587,47,22.57,59.53,89.33,2.06
479,Port-Cartier,40,CA,1562452589,33,50.03,-66.88,75.2,25.28
480,Ayan,0,IR,1562452590,68,38.23,44.7,51.38,2.75
481,Meybod,20,IR,1562452592,15,32.25,54.02,93.2,11.41
482,Buraydah,0,SA,1562452593,25,26.33,43.97,89.6,4.7
483,Laguna,75,BZ,1562452595,88,16.17,-88.94,78.8,4.7
484,Dera Bugti,0,PK,1562452596,58,29.03,69.15,85.02,5.88
485,Zhangye,100,CN,1562452597,64,38.94,100.46,54.87,10.0
486,Ouro Preto do Oeste,40,BR,1562452599,67,-10.75,-62.22,65.58,3.71
487,Penha,0,BR,1562452600,70,-26.78,-48.65,52.0,4.7
488,Doctor Juan Manuel Frutos,0,PY,1562452602,68,-25.39,-55.83,39.54,4.47
489,San Andres,78,PH,1562452603,79,13.32,122.68,82.43,6.67
490,Gigmoto,68,PH,1562452604,74,13.78,124.39,84.02,11.39
491,Kununurra,0,AU,1562452606,87,-15.77,128.74,51.8,19.19
492,Komsomolets,15,RU,1562452607,92,52.77,41.29,49.53,10.85
493,Kaeo,1,NZ,1562452608,93,-35.1,173.78,50.0,5.84
494,Aykhal,90,RU,1562452610,100,65.95,111.51,46.4,8.95
495,Smoky Lake,93,CA,1562452611,78,54.11,-112.47,68.0,3.96
496,Ushtobe,11,KZ,1562452612,36,45.25,77.98,78.44,6.46
497,Cayenne,0,GF,1562452614,78,4.94,-52.33,82.4,10.29
498,Severobaykalsk,0,RU,1562452325,45,55.65,109.32,60.2,4.34
499,Valdivia,0,CL,1562452617,100,-39.81,-73.25,42.8,2.24
500,Kinshasa,40,CD,1562452618,88,-4.32,15.31,73.4,4.92
501,Sulam,0,IL,1562452620,92,32.61,35.33,75.0,1.99
502,Richards Bay,0,ZA,1562452621,56,-28.77,32.06,71.42,18.12
503,Lamesa,40,US,1562452623,34,32.74,-101.95,93.2,14.99
504,Bumba,59,CD,1562452624,91,2.18,22.47,69.85,1.54
505,Slave Lake,90,CA,1562452626,59,55.28,-114.77,66.2,6.93
506,Talara,0,PE,1562452627,290,-4.58,-81.27,62.6,9.17
507,Hami,33,CN,1562452628,52,42.84,93.51,70.82,6.24
508,Sinnamary,28,GF,1562452630,80,5.38,-52.96,80.92,14.41
509,Ambilobe,5,MG,1562452631,84,-13.19,49.05,70.26,4.83
510,Port Hedland,0,AU,1562452632,87,-20.31,118.58,55.4,13.65
511,Kuytun,48,RU,1562452634,83,54.34,101.51,62.25,4.29
512,Bereda,0,ES,1562452635,82,43.27,-7.54,66.2,2.66
513,Gimli,44,CA,1562452637,32,50.63,-96.99,75.99,1.99
514,Xining,87,CN,1562452638,64,36.62,101.77,52.25,3.67
515,Necochea,0,AR,1562452501,81,-38.55,-58.74,42.01,4.0
516,Mount Gambier,90,AU,1562452641,93,-37.83,140.78,51.8,9.17
517,Axim,100,GH,1562452643,87,4.87,-2.24,76.74,12.97
518,Berlevag,41,NO,1562452644,88,70.86,29.09,44.69,23.53
519,Nouadhibou,50,MR,1562452646,82,20.93,-17.03,68.0,20.8
520,La Union,0,GT,1562452647,21,14.97,-89.29,79.0,5.99
521,Derzhavinsk,0,KZ,1562452648,73,51.1,66.31,56.67,1.61
522,Hendek,0,TR,1562452650,100,40.8,30.75,59.0,2.24
523,Tambacounda,75,SN,1562452651,79,13.77,-13.67,86.0,6.93
524,Rapid Valley,75,US,1562452653,78,44.06,-103.15,73.99,11.41
525,Margate,92,AU,1562452655,93,-43.03,147.26,43.0,5.82
526,Bethanien,0,NA,1562452657,55,-26.5,17.16,44.24,0.87
527,La Ronge,75,CA,1562452442,43,55.1,-105.3,71.6,6.93
528,Broome,64,GB,1562452659,87,52.47,1.45,59.0,1.12
529,Garowe,71,SO,1562452661,56,8.41,48.48,79.23,23.69
530,Salinopolis,4,BR,1562452662,80,-0.61,-47.36,81.32,18.63
531,Ancud,0,CL,1562452664,87,-41.87,-73.83,46.4,4.7
532,Chililabombwe,0,ZM,1562452665,58,-12.37,27.84,52.26,4.76
533,Jadu,0,LY,1562452666,27,31.95,12.03,77.75,5.21
534,Harper,1,US,1562452668,55,30.3,-99.24,90.0,10.29
535,Natal,0,BR,1562452669,73,-5.81,-35.21,77.0,4.7
536,Soe,28,EE,1562452671,93,57.91,26.05,53.6,9.17
537,Kidal,74,ML,1562452672,35,18.44,1.41,90.08,12.88
538,Canavieiras,29,BR,1562452674,94,-15.68,-38.95,73.54,8.14
539,Armizonskoye,0,RU,1562452676,94,55.95,67.67,51.56,11.07
540,Chimbote,87,PE,1562452677,89,-9.08,-78.59,63.17,7.83
541,Hervey Bay,75,AU,1562452678,93,-25.3,152.85,64.0,8.05
542,Miri,1,NG,1562452680,77,10.31,9.75,74.87,4.12
543,Itaituba,40,BR,1562452681,74,-4.26,-55.99,86.0,1.99
544,Curitibanos,0,BR,1562452683,97,-27.29,-50.58,30.3,2.19
545,La Libertad,0,PE,1562452685,17,-16.38,-71.56,66.2,8.05
546,Fukuyama,0,JP,1562452686,68,34.52,133.33,75.99,9.17
547,Aswan,0,EG,1562452687,9,24.09,32.9,86.0,6.93
548,Barcelona,20,ES,1562452516,100,41.38,2.18,81.0,4.7
549,Port-Gentil,40,GA,1562452690,100,-0.72,8.78,73.4,9.17
550,Charters Towers,66,AU,1562452692,85,-20.07,146.27,66.48,10.94
551,Khomutovka,47,RU,1562452693,81,51.92,34.56,50.64,8.21
552,Igrim,100,RU,1562452695,96,63.19,64.42,53.96,3.67
553,Temyasovo,40,RU,1562452696,66,52.99,58.1,53.6,2.57
554,Shimanovsk,100,RU,1562452698,75,52.0,127.67,71.92,5.1
555,Alibunar,0,RS,1562452699,47,45.08,20.97,77.0,9.17
556,Phangnga,20,TH,1562452701,83,8.45,98.53,78.8,2.24
557,Chara,0,GR,1562452703,60,39.42,22.43,75.2,0.74
558,Sabang,29,PH,1562452705,75,13.8,121.11,81.21,0.51
559,Gueret,0,FR,1562452706,68,46.17,1.87,71.6,8.05
560,Massaguet,0,TD,1562452707,66,12.48,15.44,84.2,5.82
561,Suoyarvi,14,RU,1562452709,95,62.08,32.35,46.92,2.75
562,Pimenteiras,33,BR,1562452710,54,-6.24,-41.42,73.83,2.13
563,Ileza,93,RU,1562452711,98,61.05,43.9,51.26,2.21
564,Tilichiki,84,RU,1562452713,67,60.47,166.1,55.65,8.48
565,Pinega,98,RU,1562452715,97,64.7,43.39,56.62,3.71
566,Kayerkan,0,RU,1562452716,76,69.35,87.76,50.0,15.66
567,Goba,100,ET,1562452718,79,7.01,39.97,46.85,3.27
568,Palmer,75,AU,1562452719,93,-34.85,139.16,55.99,6.93
